artist,unique_songs,total_appearances,days_present,avg_rank,best_rank,avg_popularity,points,dominance_index
Taylor Swift,96,2015,438,24.551861042183624,1,87.10272952853597,53293,7.530674218113015
Zach Bryan,38,1882,546,25.655685441020193,1,85.75823591923486,47698,6.740061525069982
Morgan Wallen,10,1669,540,30.608747753145597,1,85.40802875973637,34033,4.809101301578823
Sabrina Carpenter,14,967,316,17.608066184074456,1,90.20165460186142,32290,4.5628031918426295
Chappell Roan,6,794,232,20.64735516372796,1,88.66498740554157,24100,3.405498820793043
Billie Eilish,12,729,333,20.362139917695472,2,92.77091906721536,22335,3.1560919569465815
Drake,38,881,326,26.27695800227015,1,84.69693530079455,21781,3.0778078761698455
Travis Scott,32,795,338,25.446540880503143,1,88.53962264150944,20315,2.87065180682202
"Tyler, The Creator",16,706,445,25.291784702549574,1,88.39943342776203,18150,2.5647221409706944
Olivia Rodrigo,19,600,283,22.38,1,89.58833333333334,17172,2.426523890068802
SZA,4,649,401,26.211093990755007,3,91.52234206471495,16088,2.2733470966356215
Noah Kahan,11,494,470,19.917004048582996,1,89.3663967611336,15355,2.1697690619617087
Benson Boone,3,506,307,23.64822134387352,1,89.32411067193677,13840,1.955688949368287
Post Malone,30,428,274,20.94859813084112,1,81.77570093457943,12862,1.8174906984663952
Kendrick Lamar,21,369,247,17.132791327913278,1,87.73170731707317,12497,1.765913641636957
Doja Cat,4,394,238,19.522842639593907,1,84.61167512690355,12402,1.7524894761608019
Future,27,368,175,23.543478260869566,1,84.26086956521739,10104,1.4277659786428591
Tate McRae,5,320,249,21.25625,3,91.890625,9518,1.344960073705734
Gunna,5,310,308,20.738709677419354,1,91.0741935483871,9381,1.325601014019068
Ariana Grande,15,311,185,21.485530546623796,1,88.82315112540194,9179,1.2970569990066116
Shaboozey,1,226,226,10.765486725663717,1,85.39380530973452,9093,1.284904596575566
Teddy Swims,1,329,329,23.49544072948328,5,90.91793313069908,9049,1.278687088355031
Tommy Richman,3,266,206,18.342105263157894,1,88.41353383458646,8687,1.2275339525406292
Luke Combs,6,371,335,28.107816711590296,3,86.5633423180593,8493,1.2001203935682703
Bad Bunny,22,289,168,22.764705882352942,1,85.34602076124567,8160,1.1530651608992213
Hozier,4,234,230,16.71794871794872,1,82.71794871794872,8022,1.1335647942075433
Mitski,1,224,224,16.566964285714285,2,95.04017857142857,7713,1.089900929658786
Peso Pluma,16,389,266,32.8560411311054,7,89.1439588688946,7058,0.9973448413758215
Jack Harlow,1,157,157,10.751592356687897,1,94.96815286624204,6319,0.8929189646718356
21 Savage,13,199,116,20.160804020100503,2,89.12060301507537,6137,0.8672010897596227
The Weeknd,11,269,204,28.24907063197026,1,89.42379182156134,6120,0.8647988706744161
Nicki Minaj,12,206,160,22.388349514563107,1,87.99514563106796,5894,0.832863487541668
Jimin,3,145,145,11.406896551724138,1,92.27586206896552,5741,0.8112435157748075
Eslabon Armado,1,170,170,18.96470588235294,1,89.67647058823529,5446,0.7695579492962205
Xavi,3,186,106,22.091397849462364,5,95.61827956989248,5377,0.7598077659503815
J. Cole,13,305,275,33.455737704918036,3,88.77704918032786,5351,0.7561337838200654
Beyoncé,26,193,76,23.28497409326425,1,70.65284974093264,5349,0.7558511698100411
¥$,18,176,113,22.426136363636363,1,78.67613636363636,5029,0.71063292820615
Lady Gaga,3,107,103,4.4392523364485985,1,95.97196261682242,4982,0.7039914989705784
Lil Tecca,3,188,186,25.03191489361702,12,82.82978723404256,4882,0.6898607984693625
Metro Boomin,9,233,56,30.446351931330472,4,90.11587982832619,4789,0.6767192470032317
Gracie Abrams,4,171,125,23.035087719298247,1,85.47368421052632,4782,0.6757300979681466
Lil Durk,5,131,96,20.81679389312977,3,83.21374045801527,3954,0.5587278978180785
Djo,1,148,148,25.39189189189189,3,94.74324324324324,3790,0.5355535489960843
Fuerza Regida,4,183,149,30.40983606557377,8,92.14207650273224,3768,0.5324447948858169
Dasha,2,198,198,32.05555555555556,14,88.48484848484848,3751,0.5300425758006102
Eminem,18,137,62,24.16058394160584,2,81.24087591240875,3677,0.5195858574297104
Charli xcx,10,181,99,30.701657458563535,4,86.51933701657458,3674,0.5191619364146739
Gigi Perez,1,94,94,14.77659574468085,3,85.72340425531915,3405,0.481150352066403
Artemas,2,106,100,20.71698113207547,3,95.61320754716981,3210,0.4535954860890319
Jung Kook,5,115,102,23.208695652173912,1,91.90434782608696,3196,0.4516171880188617
Grupo Frontera,2,100,100,19.6,3,93.32,3140,0.4437039957381807
Yng Lvcas,1,113,113,23.831858407079647,6,98.00884955752213,3070,0.43381250538732957
Dua Lipa,4,112,110,24.419642857142858,8,93.33928571428571,2977,0.4206709539211987
The Kid LAROI,3,150,148,31.69333333333333,20,87.26,2896,0.4092250865152138
JID,1,110,110,25.536363636363635,9,92.18181818181819,2801,0.39580092103905873
Kanye West,18,149,61,33.241610738255034,1,86.52348993288591,2646,0.373898335262174
PinkPantheress,1,100,100,24.87,9,94.21,2613,0.3692352040967727
Mariah Carey,2,76,75,17.657894736842106,2,90.96052631578948,2534,0.3580719507008121
Frank Ocean,2,224,217,39.723214285714285,23,89.75,2526,0.3569414946607148
Flo Milli,1,76,76,17.82894736842105,5,87.27631578947368,2521,0.35623495963565405
The Neighbourhood,1,183,183,37.24590163934426,21,90.93442622950819,2517,0.3556697316156054
Lil Uzi Vert,36,121,54,30.40495867768595,2,78.67768595041322,2492,0.3521370564903014
Bryson Tiller,2,89,89,23.123595505617978,4,85.0,2481,0.35058267943516763
KAROL G,7,155,141,35.13548387096774,13,89.56129032258065,2459,0.3474739253249001
Miley Cyrus,3,100,97,27.04,4,87.56,2396,0.33857158400913406
Brenda Lee,1,61,61,12.80327868852459,1,89.65573770491804,2330,0.32924532167833154
FloyyMenor,1,113,113,31.02654867256637,13,96.22123893805309,2257,0.3189299103124439
Michael Bublé,2,71,37,19.464788732394368,9,81.74647887323944,2239,0.31638638422222504
Rich Amiri,1,81,81,24.839506172839506,13,85.69135802469135,2119,0.2994295436207659
Kali Uchis,2,140,140,36.207142857142856,6,88.02857142857142,2071,0.29264680738018223
Bobby Helms,1,54,54,13.74074074074074,2,87.18518518518519,2012,0.2843096940844648
Wham!,1,63,63,19.666666666666668,4,79.76190476190476,1974,0.2789400278940028
Oliver Anthony Music,1,54,54,15.722222222222221,1,86.64814814814815,1905,0.2691898445481638
FIFTY FIFTY,1,71,71,25.746478873239436,7,98.19718309859155,1793,0.25336345998680193
Bing Crosby,4,79,56,29.468354430379748,11,82.68354430379746,1701,0.24036321552568327
Andy Williams,2,46,42,15.065217391304348,4,76.23913043478261,1653,0.23358047928509962
ROSÉ,1,39,39,9.051282051282051,1,94.71794871794872,1636,0.2311782601998929
Harry Styles,1,92,92,33.71739130434783,23,92.78260869565217,1590,0.22467813796933356
Michael Marcagi,1,127,127,38.976377952755904,13,89.14173228346456,1527,0.2157757966535675
Dean Martin,2,45,42,17.11111111111111,6,89.91111111111111,1525,0.2154931826435432
Nat King Cole,4,65,34,27.923076923076923,10,83.58461538461539,1500,0.21196050751823922
Burl Ives,2,45,37,18.133333333333333,7,87.37777777777778,1479,0.20899306041298385
Kenya Grace,1,83,83,33.24096385542169,15,95.79518072289157,1474,0.20828652538792308
NewJeans,4,61,51,26.901639344262296,9,90.11475409836065,1470,0.20772129736787442
Kali,1,43,43,18.046511627906977,12,88.02325581395348,1417,0.20023202610222998
Junior H,1,70,70,30.84285714285714,21,94.92857142857143,1411,0.19938418407215702
Hanumankind,1,59,59,28.16949152542373,13,89.77966101694915,1347,0.1903405357513788
Bizarrap,1,46,46,23.456521739130434,3,95.43478260869566,1267,0.17903597535040605
Megan Thee Stallion,4,62,62,32.04838709677419,1,82.16129032258064,1175,0.1660357308892874
Bailey Zimmerman,1,67,67,33.88059701492537,21,85.26865671641791,1147,0.16207913474894692
Frank Sinatra,4,62,34,33.16129032258065,17,85.95161290322581,1106,0.1562855475434484
The Ronettes,1,34,34,19.38235294117647,9,79.94117647058823,1075,0.15190503038807143
Oscar Maydon,1,39,39,23.58974358974359,11,91.33333333333333,1069,0.15105718835799847
Kelly Clarkson,2,38,34,22.92105263157895,10,83.47368421052632,1067,0.15077457434797414
Yeat,1,38,38,23.210526315789473,14,83.86842105263158,1056,0.1492201972928404
José Feliciano,1,34,34,20.38235294117647,8,84.82352941176471,1041,0.147100592217658
Myles Smith,1,76,76,37.43421052631579,23,90.75,1031,0.14568752216753642
Tyla,1,52,52,31.423076923076923,11,94.36538461538461,1018,0.14385053110237833
4batz,2,66,62,36.484848484848484,16,84.60606060606061,958,0.13537211080164877
Ice Spice,4,67,67,37.64179104477612,14,82.44776119402985,895,0.12646976948588273
Central Cee,1,34,34,24.91176470588235,11,86.61764705882354,887,0.12533931344578544
Perry Como,2,36,34,27.88888888888889,15,86.02777777777777,832,0.11756742817011667
Don Toliver,6,69,67,39.08695652173913,9,81.10144927536231,822,0.1161543581199951
Sexyy Red,1,56,56,36.42857142857143,26,79.41071428571429,816,0.11530651608992212
David Kushner,2,56,56,37.19642857142857,17,96.96428571428571,773,0.10923031487439926
The Marías,2,54,52,36.77777777777778,17,80.0925925925926,768,0.10852377984933846
TV Girl,2,92,67,43.26086956521739,35,89.72826086956522,712,0.10061058756865753
YG Marley,1,42,42,34.45238095238095,21,92.9047619047619,695,0.09820836848345083
GloRilla,4,61,60,39.81967213114754,22,76.88524590163935,682,0.09637137741829276
Myke Towers,2,52,52,38.17307692307692,29,97.90384615384616,667,0.09425177234311037
Playboi Carti,1,20,20,18.3,1,89.25,654,0.09241478127795229
NLE Choppa,3,48,48,38.166666666666664,17,73.39583333333333,616,0.08704511508749024
Natanael Cano,1,34,34,33.05882352941177,20,94.23529411764706,610,0.08619727305741728
Good Neighbours,1,53,53,40.075471698113205,27,84.56603773584905,579,0.08181675590204032
Elvis Presley,2,33,30,34.54545454545455,16,86.03030303030303,543,0.0767297037216026
Koe Wetzel,3,33,33,34.666666666666664,17,74.03030303030303,539,0.07616447570155396
Lay Bankz,1,33,33,34.75757575757576,16,87.0909090909091,536,0.07574055468651747
Darlene Love,1,31,31,34.45161290322581,20,81.64516129032258,513,0.07249049357123781
BigXthaPlug,1,58,58,42.206896551724135,31,80.32758620689656,510,0.07206657255620133
Sophie Ellis-Bextor,1,31,31,35.193548387096776,20,87.61290322580645,490,0.06924043245595814
Young Thug,10,17,8,22.529411764705884,3,74.88235294117646,484,0.06839259042588519
Eartha Kitt,1,23,23,30.565217391304348,18,77.30434782608695,470,0.06641429235571496
Quavo,1,20,20,28.45,15,84.35,451,0.06372945926048391
Toby Keith,6,17,10,24.764705882352942,5,75.11764705882354,446,0.06302292423542312
Rema,1,52,52,42.55769230769231,35,81.40384615384616,439,0.062033775200338
Richy Mitch,1,55,55,43.07272727272727,32,88.94545454545455,436,0.06160985418530153
The Beach Boys,1,22,22,31.5,18,82.5909090909091,429,0.060620705150216406
Charli XCX,1,30,30,37.333333333333336,23,87.93333333333334,410,0.057935872054985384
Steve Lacy,2,61,61,44.885245901639344,35,87.04918032786885,373,0.05270751286953548
Chuck Berry,1,20,20,32.65,21,86.2,367,0.051859670839462524
Calle 24,1,56,56,44.589285714285715,36,93.92857142857143,359,0.05072921479936525
Addison Rae,1,29,29,38.86206896551724,26,87.37931034482759,352,0.049740065764280125
Lil Mabu,1,14,14,27.928571428571427,10,86.5,323,0.045642162618927506
Justin Bieber,1,29,29,40.0,29,89.86206896551724,319,0.04507693459887887
JVKE,1,40,40,43.1,31,90.3,316,0.04465301358384239
Linkin Park,3,19,17,35.0,17,85.63157894736842,304,0.04295732952369648
One Direction,2,16,10,33.625,16,86.75,278,0.03928334739338033
Jason Aldean,1,7,7,12.142857142857142,6,77.28571428571429,272,0.03843550536330737
Troye Sivan,2,20,20,37.6,24,83.7,268,0.037870277343258735
USHER,5,15,8,33.4,8,86.26666666666667,264,0.0373050493232101
Ella Langley,1,18,18,36.611111111111114,22,78.77777777777777,259,0.0365985142981493
Chino Pacas,1,32,32,43.0625,31,91.6875,254,0.0358919792730885
*NSYNC,1,16,16,36.3125,24,85.25,235,0.03320714617785748
Cardi B,2,14,14,35.357142857142854,26,75.21428571428571,219,0.030946234097662922
Bruce Springsteen,2,9,9,27.444444444444443,8,82.33333333333333,212,0.02995708506257781
Hotel Ugly,1,45,45,46.355555555555554,41,89.24444444444444,209,0.02953316404754133
Various Artists,2,7,6,21.714285714285715,4,62.42857142857143,205,0.028967936027492692
"Bobby ""Boris"" Pickett",1,8,8,26.25,2,77.75,198,0.027978786992407575
Laufey,2,28,28,44.107142857142854,30,82.82142857142857,193,0.027272251967346776
Lana Del Rey,1,15,15,39.6,10,86.66666666666667,171,0.024163497857079268
Tainy,1,8,8,29.75,23,85.75,170,0.02402219085206711
Paul McCartney,1,13,13,38.0,26,90.61538461538461,169,0.02388088384705495
Michael Jackson,2,6,5,24.833333333333332,7,70.66666666666667,157,0.022185199786909037
Selena Gomez,1,10,10,35.6,21,75.8,154,0.02176127877187256
Eagles,1,12,12,38.416666666666664,24,87.33333333333333,151,0.02133735775683608
Jimmy Buffett,4,7,3,30.142857142857142,6,65.85714285714286,146,0.020630822731775283
Rauw Alejandro,2,10,9,36.5,14,78.7,145,0.02048951572676312
Brent Faiyaz,1,18,18,43.388888888888886,34,85.55555555555556,137,0.019359059686665847
Vince Guaraldi Trio,1,12,12,39.75,27,82.91666666666667,135,0.01907644567664153
d4vd,2,26,26,46.0,32,89.42307692307692,130,0.01836991065158073
Arctic Monkeys,1,17,17,43.76470588235294,36,80.17647058823529,123,0.017380761616495613
Ray Parker Jr.,1,5,5,26.6,1,72.6,122,0.017239454611483455
Offset,1,6,6,31.166666666666668,25,64.5,119,0.01681553359644698
Miguel,1,16,16,43.625,35,90.875,118,0.016674226591434818
Zac Brown Band,2,6,6,31.666666666666668,10,80.66666666666667,116,0.0163916125814105
Tom Petty and the Heartbreakers,1,4,4,22.5,11,75.0,114,0.01610899857138618
Kaliii,1,10,10,40.0,24,91.0,110,0.015543770551337542
Rockwell,1,3,3,19.333333333333332,7,78.33333333333333,95,0.013424165476155148
"Earth, Wind & Fire",1,3,3,19.666666666666668,12,83.33333333333333,94,0.013282858471142989
Katy Perry,1,3,3,20.0,18,73.66666666666667,93,0.01314155146613083
Mustard,1,7,7,38.142857142857146,29,70.71428571428571,90,0.012717630451094352
ILLIT,1,12,12,43.666666666666664,35,90.33333333333333,88,0.012435016441070031
The Jackson 5,2,8,5,40.25,33,85.5,86,0.012152402431045714
Fleetwood Mac,1,12,12,44.0,38,88.66666666666667,84,0.011869788421021396
Lyrical Lemonade,1,7,7,39.285714285714285,28,76.85714285714286,82,0.011587174410997075
Andrew Gold,2,3,2,24.666666666666668,11,75.33333333333333,79,0.011163253395960597
Don McLean,1,3,3,24.666666666666668,15,80.0,79,0.011163253395960597
Donny Hathaway,1,5,5,35.8,30,74.0,76,0.01073933238092412
John Lennon,1,6,6,38.333333333333336,32,92.0,76,0.01073933238092412
Thomas Rhett,1,2,2,13.0,13,12.5,76,0.01073933238092412
The Beatles,1,4,4,34.5,24,79.5,66,0.009326262330802524
Juice WRLD,2,6,6,40.166666666666664,32,77.0,65,0.009184955325790365
Tucker Wetmore,1,13,13,46.07692307692308,41,71.6923076923077,64,0.009043648320778206
Ryan Gosling,1,8,8,43.125,29,74.5,63,0.008902341315766046
Childish Gambino,1,7,7,42.0,28,69.28571428571429,63,0.008902341315766046
Wicked Movie Cast,3,5,3,38.6,22,74.0,62,0.008761034310753887
Gene Autry,1,4,4,36.25,35,86.0,59,0.008337113295717409
Surf Curse,1,6,6,41.333333333333336,37,82.33333333333333,58,0.00819580629070525
Creedence Clearwater Revival,1,4,4,37.25,30,86.5,55,0.007771885275668771
Tyler Childers,1,7,7,43.142857142857146,37,72.42857142857143,55,0.007771885275668771
Alan Jackson,1,2,2,24.0,12,66.0,54,0.0076305782706566115
Lynyrd Skynyrd,1,3,3,33.0,26,84.33333333333333,54,0.0076305782706566115
The Killers,1,3,3,33.0,21,86.66666666666667,54,0.0076305782706566115
$uicideboy$,1,5,5,40.6,24,57.0,52,0.007347964260632292
Dj Agus Lima,1,2,2,26.0,26,24.0,50,0.007065350250607973
Camila Cabello,1,5,5,41.2,31,80.8,49,0.006924043245595814
girl in red,1,11,11,46.63636363636363,38,86.72727272727273,48,0.006782736240583654
Kid Rock,1,2,2,28.0,28,78.5,46,0.006500122230559335
Jordan Adetunji,1,7,7,44.857142857142854,43,87.71428571428571,43,0.006076201215522857
Chris Stapleton,2,4,4,40.75,35,63.5,41,0.005793587205498538
Toosii,2,6,6,44.333333333333336,34,66.33333333333333,40,0.005652280200486378
Band Aid,1,4,4,41.5,39,89.0,38,0.00536966619046206
Sia,1,5,5,43.6,38,94.0,37,0.0052283591854499
Moneybagg Yo,1,3,3,39.666666666666664,38,64.33333333333333,34,0.0048044381704134215
BTS,1,1,1,17.0,17,83.0,34,0.0048044381704134215
Van Morrison,1,3,3,40.0,29,85.0,33,0.004663131165401262
Daryl Hall,1,2,2,35.0,30,83.0,32,0.004521824160389103
Tito Double P,1,9,9,48.0,45,88.0,27,0.0038152891353283058
Rod Wave,2,2,2,38.0,33,33.0,26,0.003673982130316146
Kacey Musgraves,1,2,2,38.0,28,65.0,26,0.003673982130316146
Kenny Chesney,1,3,3,43.666666666666664,43,78.0,22,0.003108754110267508
Gayla Peevey,1,3,3,44.333333333333336,44,83.0,20,0.002826140100243189
J Hus,1,1,1,31.0,31,77.0,20,0.002826140100243189
Darius Rucker,1,2,2,41.0,41,83.0,20,0.002826140100243189
André 3000,1,1,1,31.0,31,37.0,20,0.002826140100243189
Rihanna,2,2,2,41.0,38,82.0,20,0.002826140100243189
beabadoobee,1,1,1,32.0,32,0.0,19,0.00268483309523103
Ivan Cornejo,2,2,2,41.5,37,33.0,19,0.00268483309523103
John Denver,1,2,2,42.0,42,78.5,18,0.0025435260902188705
OneRepublic,1,3,3,45.666666666666664,43,95.0,16,0.0022609120801945514
Rick James,1,1,1,35.0,35,76.0,16,0.0022609120801945514
Bonnie Tyler,1,1,1,36.0,36,80.0,15,0.002119605075182392
Stromae,1,1,1,36.0,36,77.0,15,0.002119605075182392
Paul Russell,1,1,1,36.0,36,87.0,15,0.002119605075182392
leftovermax,1,1,1,37.0,37,95.0,14,0.0019782980701702328
Justin Timberlake,1,2,2,44.0,44,73.0,14,0.0019782980701702328
Jessie Murph,1,3,3,46.666666666666664,46,84.0,13,0.001836991065158073
Conan Gray,1,2,2,45.0,42,88.5,12,0.0016956840601459135
blink-182,1,1,1,40.0,40,0.0,11,0.001554377055133754
Mark Ambor,1,3,3,48.0,47,93.0,9,0.0012717630451094353
The Living Tombstone,1,1,1,43.0,43,71.0,8,0.0011304560400972757
Ken Carson,1,2,2,47.0,47,0.0,8,0.0011304560400972757
Dominic Fike,1,2,2,47.5,47,85.0,7,0.0009891490350851164
Pharrell Williams,1,1,1,45.0,45,73.0,6,0.0008478420300729567
KSI,1,2,2,48.0,46,75.0,6,0.0008478420300729567
Talking Heads,1,1,1,46.0,46,78.0,5,0.0007065350250607973
mgk,1,2,2,49.0,49,52.5,4,0.0005652280200486379
Dropkick Murphys,1,1,1,48.0,48,74.0,3,0.00042392101503647837
Twenty One Pilots,1,1,1,48.0,48,76.0,3,0.00042392101503647837
Bill Withers,1,1,1,49.0,49,86.0,2,0.00028261401002431893
Blue Öyster Cult,1,1,1,50.0,50,77.0,1,0.00014130700501215946
Marvin Gaye,1,1,1,50.0,50,87.0,1,0.00014130700501215946
Luis R Conriquez,1,1,1,50.0,50,89.0,1,0.00014130700501215946
